新北投溫泉區, 北投區, 121.508447, 25.137077, https://www.travel.taipei/d_upload_ttn/sceneadmin/pic/11000848.jpghttps://www.travel.taipei/d_upload_ttn/sceneadmin/pic/11002891.jpghttps://www.travel.taipei/d_upload_ttn/sceneadmin/image/A0/B0/C0/D315/E70/F65/1e0951fb-069f-4b13-b5ca-2d09df1d3d90.jpg
大稻埕碼頭, 大同區, 121.508274, 25.056847, https://www.travel.taipei/d_upload_ttn/sceneadmin/pic/11000340.jpghttps://www.travel.taipei/d_upload_ttn/sceneadmin/image/A0/B0/C0/D906/E6/F186/809f30db-7079-421f-a625-7baa8ec21874.jpg
士林官邸, 士林區, 121.530849, 25.091713, https://www.travel.taipei/d_upload_ttn/sceneadmin/image/A0/B0/C0/D7/E150/F719/71eb4b56-f771-43bc-856c-2fb265a5cc6e.jpghttps://www.travel.taipei/d_upload_ttn/sceneadmin/image/A0/B0/C0/D7/E691/F391/db1eba17-f937-466a-a3be-f2ef35c88971.jpg
國立故宮博物院, 士林區, 121.5496, 25.1013, https://www.travel.taipei/d_upload_ttn/sceneadmin/image/A0/B0/C0/D14/E810/F21/48d66fbd-1ba3-4efd-837a-3767db5f52e0.jpghttps://www.travel.taipei/d_upload_ttn/sceneadmin/pic/11000721.jpghttps://www.travel.taipei/d_upload_ttn/sceneadmin/pic/11000723.jpghttps://www.travel.taipei/d_upload_ttn/sceneadmin/pic/11000722.jpghttps://www.travel.taipei/streams/scenery_file_audio/c18.mp3jpg
北投圖書館, 北投區, 121.506343, 25.136571, https://www.travel.taipei/d_upload_ttn/sceneadmin/image/A0/B0/C1/D878/E726/F304/2d6e8b50-76ce-4b7e-a795-0357cd6f2b3e.jpghttps://www.travel.taipei/d_upload_ttn/sceneadmin/image/A0/B0/C0/D975/E0/F413/b7c25472-02a3-4a02-ac57-8d3f6e8ce31b.jpghttps://www.travel.taipei/d_upload_ttn/sceneadmin/image/A0/B0/C0/D102/E786/F657/5613da59-eccd-4f6e-a36e-57a5859e69a6.jpghttps://www.travel.taipei/d_upload_ttn/sceneadmin/image/A0/B0/C0/D308/E138/F645/89de2827-154f-4eef-b4e4-6257696d75e3.jpghttps://www.travel.taipei/d_upload_ttn/sceneadmin/image/A0/B0/C1/D236/E235/F92/ac302ead-7e8b-460d-9b5b-47ad6c499a2b.jpghttps://www.travel.taipei/d_upload_ttn/sceneadmin/image/A0/B0/C1/D300/E650/F612/77a5d18b-408e-4014-9b1b-139221d19c75.jpghttps://www.travel.taipei/d_upload_ttn/sceneadmin/image/A0/B0/C2/D126/E638/F475/ea200217-fe4c-478a-ba69-fa4d8e21ea4e.jpghttps://www.travel.taipei/d_upload_ttn/sceneadmin/image/A0/B0/C1/D14/E779/F303/0e662a4f-e067-4458-805d-018b35e7190b.jpghttps://www.travel.taipei/d_upload_ttn/sceneadmin/image/A0/B0/C0/D575/E446/F910/e6dd881c-d482-4349-a603-f638f79fa9bc.jpghttps://www.travel.taipei/d_upload_ttn/sceneadmin/image/A0/B0/C0/D70/E355/F727/a43a93db-8f89-4a4c-bcc7-e4848083bf8b.jpghttps://www.travel.taipei/d_upload_ttn/sceneadmin/image/A0/B0/C1/D600/E4/F278/821c3b49-ab95-4828-bfc4-40e436611399.jpghttps://www.travel.taipei/d_upload_ttn/sceneadmin/image/A0/B0/C0/D776/E305/F208/14f1e441-839c-4d73-b524-e25e075e5f7a.jpghttps://www.travel.taipei/d_upload_ttn/sceneadmin/image/A0/B0/C1/D68/E883/F368/ff34f438-0a5d-4840-9829-ba6a47d9bc2f.jpghttps://www.travel.taipei/streams/scenery_file_audio/c16.mp3jpg
大安森林公園, 大安區, 121.5362, 25.0296, https://www.travel.taipei/d_upload_ttn/sceneadmin/image/A0/B0/C0/D11/E257/F345/546f42a1-cbfb-49fc-b4d8-c33f1c44190c.jpghttps://www.travel.taipei/d_upload_ttn/sceneadmin/image/A0/B0/C0/D31/E337/F270/85f03be7-cd0c-4bde-812f-7b7f603d7281.jpghttps://www.travel.taipei/d_upload_ttn/sceneadmin/image/A0/B0/C0/D5/E118/F202/2f1620b9-38b1-4c17-843b-5fed2a5ae31e.jpghttps://www.travel.taipei/d_upload_ttn/sceneadmin/image/A0/B0/C0/D7/E895/F87/f3eb1428-6152-4c15-b328-575d59e4477c.jpghttps://www.travel.taipei/d_upload_ttn/sceneadmin/image/A0/B0/C0/D12/E556/F480/9461764b-0049-480c-9f96-ca1c1fb2b9bc.jpghttps://www.travel.taipei/d_upload_ttn/sceneadmin/image/A0/B0/C0/D18/E762/F342/78245221-888e-44d0-ad0c-72a8e3494538.jpghttps://www.travel.taipei/d_upload_ttn/sceneadmin/image/A0/B0/C0/D22/E222/F927/dce66fe1-6277-422d-8537-e5cb8fe8aaa5.jpghttps://www.travel.taipei/d_upload_ttn/sceneadmin/image/A0/B0/C0/D17/E672/F642/f4201ef7-2137-447c-b832-c1d699142675.jpgjpg
地熱谷, 北投區, 121.511592, 25.137940, https://www.travel.taipei/d_upload_ttn/sceneadmin/pic/11003993.jpghttps://www.travel.taipei/d_upload_ttn/sceneadmin/image/A0/B0/C1/D457/E341/F171/f6dc25a6-cc44-4e4d-a7ea-aea011e2aa65.jpghttps://www.travel.taipei/d_upload_ttn/sceneadmin/image/A0/B0/C1/D375/E862/F67/dcada704-a151-4b49-ac44-a349e7761973.jpghttps://www.travel.taipei/d_upload_ttn/sceneadmin/image/A0/B0/C1/D293/E834/F864/7493ca40-985e-4d7e-9340-f738b6096c26.jpghttps://www.travel.taipei/d_upload_ttn/sceneadmin/image/A0/B0/C1/D988/E745/F29/cc1e0a3a-0e3c-47dc-88b8-9c7a9ddc606e.jpghttps://www.travel.taipei/d_upload_ttn/sceneadmin/image/A0/B0/C0/D37/E611/F805/ec29667c-0ff6-435a-ab82-2905492d04fc.jpghttps://www.travel.taipei/d_upload_ttn/sceneadmin/image/A0/B0/C1/D202/E23/F478/a219480b-2bb0-4e80-9069-2704c7904545.jpghttps://www.travel.taipei/streams/scenery_file_audio/c17.mp3jpg
南港山系-象山親山步道, 信義區, 121.571970, 25.023757, https://www.travel.taipei/d_upload_ttn/sceneadmin/pic/11001481.jpghttps://www.travel.taipei/d_upload_ttn/sceneadmin/image/A0/B0/C2/D74/E860/F223/f28f9ff0-a457-4687-8630-bb5bfb793d46.jpghttps://www.travel.taipei/d_upload_ttn/sceneadmin/image/A0/B0/C1/D611/E706/F767/6fb1cf1e-2a55-4f91-869f-c8f351eb930e.jpg
艋舺龍山寺, 萬華區, 121.499962, 25.036798, https://www.travel.taipei/d_upload_ttn/sceneadmin/image/A0/B0/C0/D226/E920/F665/1f26af86-e907-44c9-b4d7-5c498dacfc6c.jpghttps://www.travel.taipei/d_upload_ttn/sceneadmin/image/A0/B0/C1/D980/E373/F435/525bd753-2dbf-4869-9705-021731d78fa6.jpghttps://www.travel.taipei/d_upload_ttn/sceneadmin/image/A0/B0/C0/D824/E483/F803/d7db91a8-53c8-491e-90d0-c0abd824a1b2.jpghttps://www.travel.taipei/d_upload_ttn/sceneadmin/image/A0/B0/C1/D817/E864/F708/c8ad1ef2-e93d-40b7-a042-49a37e7c77e7.jpghttps://www.travel.taipei/d_upload_ttn/sceneadmin/image/A0/B0/C1/D9/E832/F14/44bcb0c8-d34a-45f5-9e03-6df61bd9cff2.jpghttps://www.travel.taipei/d_upload_ttn/sceneadmin/image/A0/B0/C0/D460/E789/F827/a1fa9fa9-175f-49cd-a2d8-1bd63d9e595f.jpghttps://www.travel.taipei/d_upload_ttn/sceneadmin/image/A0/B0/C1/D86/E848/F317/e4b7a6d8-c311-40e4-8c4b-a4d55cd61827.jpghttps://www.travel.taipei/d_upload_ttn/sceneadmin/image/A0/B0/C0/D236/E128/F503/95c497d1-8b33-4939-bc46-adf8c6b9be3b.jpghttps://www.travel.taipei/d_upload_ttn/sceneadmin/image/A0/B0/C0/D155/E70/F743/af11e3e5-571a-49e6-b05e-b9a7d2806b99.jpghttps://www.travel.taipei/d_upload_ttn/sceneadmin/image/A0/B0/C0/D340/E207/F329/a24abf6c-da89-4d1c-8717-d8877a6cf9ea.jpghttps://www.travel.taipei/d_upload_ttn/sceneadmin/image/A0/B0/C0/D608/E258/F429/9749828f-ea26-4c2d-a2c7-33c83d457216.jpghttps://www.travel.taipei/d_upload_ttn/sceneadmin/image/A0/B0/C0/D720/E917/F181/e32ca317-2171-41b3-9cd9-3dfef48466e9.jpghttps://www.travel.taipei/d_upload_ttn/sceneadmin/image/A0/B0/C0/D872/E849/F132/7ffafecb-7fc5-48c1-9230-2018b4efbc6b.jpghttps://www.travel.taipei/d_upload_ttn/sceneadmin/image/A0/B0/C1/D213/E267/F622/b3a681c0-2c0e-4992-b235-3e967cf643df.jpghttps://www.travel.taipei/d_upload_ttn/sceneadmin/image/A0/B0/C0/D215/E745/F224/59f07278-056d-4d51-aa31-2b44ba6c6877.jpghttps://www.travel.taipei/d_upload_ttn/sceneadmin/image/A0/B0/C1/D574/E642/F20/a56e74bf-a2c4-44ec-9cd8-5b9c3c035b7d.jpghttps://www.travel.taipei/d_upload_ttn/sceneadmin/image/A0/B0/C1/D746/E248/F126/cc9cc473-f729-4504-b702-eb65856fcbe8.jpghttps://www.travel.taipei/streams/scenery_file_audio/c09.mp3https://www.travel.taipei/streams/video/DISC3-3.flvjpg
行天宮, 中山區, 121.533838, 25.063059, https://www.travel.taipei/d_upload_ttn/sceneadmin/image/A0/B0/C1/D509/E14/F983/d5f49ce0-139c-4e8b-81cf-39e2b32e79bf.jpghttps://www.travel.taipei/d_upload_ttn/sceneadmin/image/A0/B0/C0/D738/E481/F193/d429a5f5-50be-47f3-9414-3b80c9c90c01.jpghttps://www.travel.taipei/d_upload_ttn/sceneadmin/image/A0/B0/C0/D871/E160/F918/626ead8f-761e-4d34-bc48-0abacf395314.jpghttps://www.travel.taipei/d_upload_ttn/sceneadmin/image/A0/B0/C1/D919/E394/F720/04fcd4a3-82b5-4d3c-be35-f17c1c312f78.jpghttps://www.travel.taipei/d_upload_ttn/sceneadmin/image/A0/B0/C0/D55/E925/F118/a855d136-14f5-4a1f-bc79-7fb61fd9efd1.jpghttps://www.travel.taipei/d_upload_ttn/sceneadmin/image/A0/B0/C0/D296/E89/F569/a743a87f-653f-49b2-b48b-f3d7aa4a4fb4.jpghttps://www.travel.taipei/d_upload_ttn/sceneadmin/pic/11001497.jpghttps://www.travel.taipei/d_upload_ttn/sceneadmin/pic/11001498.jpghttps://www.travel.taipei/streams/scenery_file_audio/c24.mp3https://www.travel.taipei/streams/video/DISC1-04.flvjpg
梅庭, 北投區, 121.508682, 25.137025, https://www.travel.taipei/d_upload_ttn/sceneadmin/image/A0/B0/C1/D931/E93/F956/374f6b31-840b-407f-82b7-e6f70d4d0c49.jpg
中正紀念堂, 中正區, 121.52194, 25.03471, https://www.travel.taipei/d_upload_ttn/sceneadmin/pic/11000375.jpghttps://www.travel.taipei/d_upload_ttn/sceneadmin/image/A0/B0/C0/D955/E18/F665/d3d2803e-1486-4755-bf40-84fe3bbaf915.jpg
北投溫泉博物館, 北投區, 121.507153, 25.136691, https://www.travel.taipei/d_upload_ttn/sceneadmin/pic/11000382.jpghttps://www.travel.taipei/d_upload_ttn/sceneadmin/pic/11000383.jpghttps://www.travel.taipei/d_upload_ttn/sceneadmin/pic/11000384.jpghttps://www.travel.taipei/streams/scenery_file_audio/c15.mp3https://www.travel.taipei/streams/video/DISC4-2.flvjpg
琉園水晶博物館(暫時休館), 北投區, 121.468942, 25.127255, https://www.travel.taipei/d_upload_ttn/sceneadmin/pic/11000813.jpghttps://www.travel.taipei/d_upload_ttn/sceneadmin/pic/11000814.jpghttps://www.travel.taipei/d_upload_ttn/sceneadmin/pic/11000815.jpgjpg
華山1914文化創意產業園區, 中正區, 121.52887, 25.04381, https://www.travel.taipei/d_upload_ttn/sceneadmin/pic/11000956.jpghttps://www.travel.taipei/d_upload_ttn/sceneadmin/pic/11000957.jpghttps://www.travel.taipei/d_upload_ttn/sceneadmin/pic/11000958.jpghttps://www.travel.taipei/d_upload_ttn/sceneadmin/image/A0/B0/C0/D499/E544/F2/86bda1ad-6f2d-417b-8b45-eddae6248f0f.jpg
長榮海事博物館, 中正區, 121.518770, 25.038728, https://www.travel.taipei/d_upload_ttn/sceneadmin/pic/11002524.jpghttps://www.travel.taipei/d_upload_ttn/sceneadmin/pic/11002525.jpgjpg
台北101, 信義區, 121.564837, 25.033194, https://www.travel.taipei/d_upload_ttn/sceneadmin/pic/11000361.jpghttps://www.travel.taipei/d_upload_ttn/sceneadmin/image/A0/B0/C1/D130/E790/F130/8b46b790-5fdf-4369-8429-348d9696ea92.jpg
台北霞海城隍廟, 大同區, 121.510085, 25.055565, https://www.travel.taipei/d_upload_ttn/sceneadmin/pic/11000930.jpghttps://www.travel.taipei/d_upload_ttn/sceneadmin/image/A0/B0/C0/D692/E511/F99/400375a8-7dcf-4244-a745-04c644b54446.jpg
國父紀念館, 信義區, 121.560314, 25.040055, https://www.travel.taipei/d_upload_ttn/sceneadmin/pic/11000358.jpghttps://www.travel.taipei/d_upload_ttn/sceneadmin/image/A0/B0/C0/D756/E285/F317/2ece2309-3d1c-49da-8d3a-32e0227e7732.jpg
臺北市立動物園, 文山區, 121.58211, 24.99883, https://www.travel.taipei/d_upload_ttn/sceneadmin/pic/11003997.jpg
碧湖公園, 內湖區, 121.581244, 25.082220, https://www.travel.taipei/d_upload_ttn/sceneadmin/pic/11002936.jpghttps://www.travel.taipei/d_upload_ttn/sceneadmin/pic/11002937.jpghttps://www.travel.taipei/d_upload_ttn/sceneadmin/pic/11002938.jpghttps://www.travel.taipei/d_upload_ttn/sceneadmin/image/A0/B0/C1/D982/E325/F622/4c5f8ce8-7709-4966-8656-7bd7fdf576b6.jpghttps://www.travel.taipei/d_upload_ttn/sceneadmin/image/A0/B0/C0/D845/E417/F685/045171b3-391d-4c9d-8bcb-fc195046658a.jpghttps://www.travel.taipei/d_upload_ttn/sceneadmin/image/A0/B0/C0/D527/E929/F254/772310ff-cde6-49f6-a098-44e384703bbf.jpghttps://www.travel.taipei/d_upload_ttn/sceneadmin/image/A0/B0/C0/D521/E582/F322/18fd42af-1186-4217-b05d-366d162ca4b0.jpgjpg
大湖公園, 內湖區, 121.60231, 25.08282, https://www.travel.taipei/d_upload_ttn/sceneadmin/image/A0/B0/C0/D727/E874/F732/1f40db60-ded0-416a-976e-baeea0464d8e.jpghttps://www.travel.taipei/d_upload_ttn/sceneadmin/image/A0/B0/C0/D601/E973/F153/a4af35d8-08c4-41d1-9363-a0a9f55ad5c8.jpghttps://www.travel.taipei/d_upload_ttn/sceneadmin/image/A0/B0/C2/D49/E363/F267/10e37372-17d6-477f-aeb0-ed8ad0a2df25.jpghttps://www.travel.taipei/d_upload_ttn/sceneadmin/image/A0/B0/C0/D458/E633/F228/eafb1fde-13f7-4341-8aab-d6d49ae8ae95.jpghttps://www.travel.taipei/d_upload_ttn/sceneadmin/image/A0/B0/C0/D388/E0/F155/2d1e7382-2d50-4842-9ad5-2bc1a2eafc81.jpghttps://www.travel.taipei/d_upload_ttn/sceneadmin/pic/11002932.jpghttps://www.travel.taipei/d_upload_ttn/sceneadmin/pic/11002930.jpghttps://www.travel.taipei/d_upload_ttn/sceneadmin/pic/11002931.jpgjpg
臺北忠烈祠, 中山區, 121.5330, 25.0788, https://www.travel.taipei/d_upload_ttn/sceneadmin/pic/11000791.jpghttps://www.travel.taipei/d_upload_ttn/sceneadmin/pic/11000792.jpghttps://www.travel.taipei/d_upload_ttn/sceneadmin/pic/11000793.jpgjpg
七星山系-天母古道親山步道, 士林區, 121.534101, 25.126878, https://www.travel.taipei/d_upload_ttn/sceneadmin/pic/11000377.jpghttps://www.travel.taipei/d_upload_ttn/sceneadmin/pic/11000378.jpghttps://www.travel.taipei/d_upload_ttn/sceneadmin/pic/11000379.jpghttps://www.travel.taipei/d_upload_ttn/sceneadmin/pic/10002979.jpghttps://www.travel.taipei/d_upload_ttn/sceneadmin/pic/10002980.jpghttps://www.travel.taipei/streams/video/DISC4-3.flvjpg
光點臺北, 中山區, 121.522450, 25.053225, https://www.travel.taipei/d_upload_ttn/sceneadmin/pic/11000394.jpghttps://www.travel.taipei/d_upload_ttn/sceneadmin/pic/11000395.jpghttps://www.travel.taipei/d_upload_ttn/sceneadmin/pic/11000396.jpghttps://www.travel.taipei/streams/video/DISC1-02.flvjpg
臺北市立美術館, 中山區, 121.524340, 25.072852, https://www.travel.taipei/d_upload_ttn/sceneadmin/image/A0/B0/C0/D532/E822/F530/e168789d-2c35-4c18-af07-04185601e3da.jpghttps://www.travel.taipei/d_upload_ttn/sceneadmin/image/A0/B0/C1/D344/E484/F771/2d2eccef-162e-4ac4-9722-fc3b0e2c6110.jpghttps://www.travel.taipei/d_upload_ttn/sceneadmin/image/A0/B0/C0/D404/E592/F291/4dfd6638-a24c-4983-81ef-5e91d73accb0.jpghttps://www.travel.taipei/d_upload_ttn/sceneadmin/image/A0/B0/C0/D331/E422/F131/684f3efd-9b61-4f25-a832-36de377c69ec.jpghttps://www.travel.taipei/d_upload_ttn/sceneadmin/image/A0/B0/C0/D322/E388/F939/22f4016c-a40c-4942-a09f-cf7754f0a000.jpghttps://www.travel.taipei/d_upload_ttn/sceneadmin/image/A0/B0/C0/D107/E123/F360/46edf269-31c1-43cb-98bd-4401b53d53ab.jpghttps://www.travel.taipei/d_upload_ttn/sceneadmin/image/A0/B0/C1/D248/E357/F619/efb1e86c-1ed3-4bef-aea4-9c2ff3f1f2d9.jpghttps://www.travel.taipei/d_upload_ttn/sceneadmin/image/A0/B0/C2/D98/E227/F437/08334d3d-fae9-46ab-8f46-82f3f45e32fe.jpghttps://www.travel.taipei/d_upload_ttn/sceneadmin/image/A0/B0/C1/D136/E587/F725/f05955d1-7198-4062-b619-1f6658355305.jpghttps://www.travel.taipei/d_upload_ttn/sceneadmin/image/A0/B0/C2/D45/E165/F564/f39eede8-35d8-4331-a1fd-82f42209e65f.jpghttps://www.travel.taipei/d_upload_ttn/sceneadmin/image/A0/B0/C1/D251/E512/F591/57b24366-f781-40e5-b0fa-dae8de34e34d.jpghttps://www.travel.taipei/d_upload_ttn/sceneadmin/image/A0/B0/C1/D489/E529/F95/7c9d5e5a-b38d-4a5a-9e1b-08a614a4baf1.jpghttps://www.travel.taipei/d_upload_ttn/sceneadmin/image/A0/B0/C2/D122/E140/F250/733831d0-e6e3-4587-b496-1bde4dbaaaa7.jpghttps://www.travel.taipei/streams/scenery_file_audio/c22.mp3jpg
國立歷史博物館, 中正區, 121.51121, 25.03161, https://www.travel.taipei/d_upload_ttn/sceneadmin/pic/11000725.jpghttps://www.travel.taipei/d_upload_ttn/sceneadmin/pic/11000726.jpghttps://www.travel.taipei/d_upload_ttn/sceneadmin/pic/11000727.jpgjpg
冷水坑溫泉區, 士林區, 121.56286, 25.16791, https://www.travel.taipei/d_upload_ttn/sceneadmin/pic/11000851.jpghttps://www.travel.taipei/d_upload_ttn/sceneadmin/pic/11000852.jpghttps://www.travel.taipei/d_upload_ttn/sceneadmin/pic/11000986.jpgjpg
西門紅樓, 萬華區, 121.506885, 25.042057, https://www.travel.taipei/d_upload_ttn/sceneadmin/image/A0/B0/C1/D237/E878/F721/4079be28-42bc-4153-aebd-6a1cbea84d5e.jpghttps://www.travel.taipei/d_upload_ttn/sceneadmin/image/A0/B0/C0/D0/E196/F394/04a253bf-bfc9-4a93-86b2-4c241b2aa596.jpghttps://www.travel.taipei/d_upload_ttn/sceneadmin/image/A0/B0/C0/D0/E196/F395/1a856acf-57ee-4658-8178-7d2f5a557bcf.jpghttps://www.travel.taipei/d_upload_ttn/sceneadmin/image/A0/B0/C0/D0/E197/F982/f84a0c50-2066-49ff-b214-76f882084f68.jpghttps://www.travel.taipei/d_upload_ttn/sceneadmin/image/A0/B0/C0/D0/E196/F393/a2aa55a3-d24b-4d0f-a6c7-540c415fd693.jpghttps://www.travel.taipei/streams/scenery_file_audio/c07.mp3https://www.travel.taipei/streams/video/DISC3-2.flvjpg
松山慈祐宮, 松山區, 121.57774, 25.05103, https://www.travel.taipei/d_upload_ttn/sceneadmin/pic/11000935.jpghttps://www.travel.taipei/d_upload_ttn/sceneadmin/pic/11000936.jpghttps://www.travel.taipei/d_upload_ttn/sceneadmin/image/A0/B0/C1/D518/E245/F718/a9dbec5b-e853-45e4-ba68-4dfbad8bc792.jpg
關渡宮, 北投區, 121.464010, 25.117655, https://www.travel.taipei/d_upload_ttn/sceneadmin/pic/11000948.jpghttps://www.travel.taipei/d_upload_ttn/sceneadmin/pic/11000949.jpgjpg
北投文物館, 北投區, 121.51479, 25.13819, https://www.travel.taipei/d_upload_ttn/sceneadmin/image/A0/B0/C1/D330/E107/F267/f51c663d-f50a-4691-9c6b-e578afea70d3.jpghttps://www.travel.taipei/d_upload_ttn/sceneadmin/image/A0/B0/C1/D932/E980/F153/6645bd52-cb16-42f8-acb0-d1540bd8eb43.jpghttps://www.travel.taipei/d_upload_ttn/sceneadmin/image/A0/B0/C0/D22/E715/F944/d9b8681a-0ca5-4be4-a23f-de5dc68018a7.jpghttps://www.travel.taipei/d_upload_ttn/sceneadmin/image/A0/B0/C1/D608/E391/F422/44b48428-8e47-4826-ad4d-8b368a68c1bc.jpghttps://www.travel.taipei/d_upload_ttn/sceneadmin/image/A0/B0/C1/D246/E430/F217/d68ac12c-19be-4eb6-95fe-dfe9b4d3e305.jpghttps://www.travel.taipei/d_upload_ttn/sceneadmin/pic/11003654.jpghttps://www.travel.taipei/d_upload_ttn/sceneadmin/pic/11003655.jpghttps://www.travel.taipei/d_upload_ttn/sceneadmin/pic/11003656.jpghttps://www.travel.taipei/streams/scenery_file_audio/c34.mp3https://www.travel.taipei/streams/video/DISC4-1.flvjpg
內溝溪景觀生態步道, 內湖區, 121.62398, 25.08037, https://www.travel.taipei/d_upload_ttn/sceneadmin/pic/11003130.jpghttps://www.travel.taipei/d_upload_ttn/sceneadmin/pic/11003131.jpghttps://www.travel.taipei/d_upload_ttn/sceneadmin/pic/11003132.jpgjpg
國立臺灣科學教育館, 士林區, 121.5159, 25.0959, https://www.travel.taipei/d_upload_ttn/sceneadmin/pic/11000729.jpghttps://www.travel.taipei/d_upload_ttn/sceneadmin/pic/11000730.jpghttps://www.travel.taipei/d_upload_ttn/sceneadmin/pic/11000731.jpgjpg
指南宮, 文山區, 121.587087, 24.978651, https://www.travel.taipei/d_upload_ttn/sceneadmin/pic/11000932.jpghttps://www.travel.taipei/d_upload_ttn/sceneadmin/pic/11000933.jpghttps://www.travel.taipei/d_upload_ttn/sceneadmin/pic/11000934.jpghttps://www.travel.taipei/d_upload_ttn/sceneadmin/image/A0/B0/C1/D989/E186/F447/d2bfa355-eea7-4e71-8a91-f6604ce79ab2.jpg
臺北啤酒工廠(原建國啤酒廠), 中山區, 121.535389, 25.046111, https://www.travel.taipei/d_upload_ttn/sceneadmin/pic/11000870.jpghttps://www.travel.taipei/d_upload_ttn/sceneadmin/image/A0/B0/C0/D371/E898/F512/d3cccbad-ae72-4762-929c-fac008d6d3b0.jpghttps://www.travel.taipei/d_upload_ttn/sceneadmin/image/A0/B0/C1/D519/E257/F225/0df58caa-52da-4b8c-bb5f-ed2048959aed.jpghttps://www.travel.taipei/d_upload_ttn/sceneadmin/image/A0/B0/C1/D254/E447/F299/69b4fb43-fe7f-4885-acec-ac52d217cd0d.jpghttps://www.travel.taipei/d_upload_ttn/sceneadmin/pic/11000871.jpghttps://www.travel.taipei/d_upload_ttn/sceneadmin/pic/11000872.jpghttps://www.travel.taipei/d_upload_ttn/sceneadmin/image/A0/B0/C2/D77/E448/F683/6b613168-2b91-4a93-bd90-930ec1fe74b8.jpghttps://www.travel.taipei/d_upload_ttn/sceneadmin/image/A0/B0/C0/D174/E397/F569/2eb6ed71-8218-49b9-8d15-19c07f54ad1f.jpgjpg
松山文創園區, 信義區, 121.560437, 25.043303, https://www.travel.taipei/d_upload_ttn/sceneadmin/image/A0/B0/C0/D26/E563/F587/cdeaa2fb-0f0e-4f4a-a078-170d23520800.jpghttps://www.travel.taipei/d_upload_ttn/sceneadmin/image/A0/B0/C0/D2/E769/F162/3a46fb74-e6ca-4f51-b610-29b1de723578.jpg
大龍峒保安宮, 大同區, 121.515416, 25.073138, https://www.travel.taipei/d_upload_ttn/sceneadmin/image/A0/B0/C1/D775/E454/F120/05e7fcff-c925-4828-8e89-c0bfdd3bfe9c.jpg
陽明山中山樓, 北投區, 121.552772, 25.155623, https://www.travel.taipei/d_upload_ttn/sceneadmin/image/A0/B0/C0/D370/E882/F626/420c6cf8-45c6-4c31-8e0a-42d44a1a5eac.jpghttps://www.travel.taipei/d_upload_ttn/sceneadmin/pic/11003127.jpghttps://www.travel.taipei/d_upload_ttn/sceneadmin/pic/11003128.jpghttps://www.travel.taipei/d_upload_ttn/sceneadmin/pic/11003129.jpgjpg
臺北市鄉土教育中心(剝皮寮歷史街區), 萬華區, 121.50326, 25.03666, https://www.travel.taipei/d_upload_ttn/sceneadmin/image/A0/B0/C1/D75/E624/F107/4192a9df-e1cd-49a5-900f-c392ae6a16f6.jpghttps://www.travel.taipei/d_upload_ttn/sceneadmin/image/A0/B0/C1/D475/E740/F768/02b51f33-52ed-4399-89aa-900017eb5af9.jpghttps://www.travel.taipei/d_upload_ttn/sceneadmin/image/A0/B0/C0/D223/E65/F436/cae5ad97-223b-412f-8c50-3f24ab68f8fb.jpghttps://www.travel.taipei/d_upload_ttn/sceneadmin/image/A0/B0/C0/D859/E327/F315/af6d8e4e-86b5-4ae1-b533-8b8a2e9a5bfb.jpghttps://www.travel.taipei/d_upload_ttn/sceneadmin/image/A0/B0/C2/D105/E224/F409/8cdda691-be67-439d-bfb8-e99af625917e.jpghttps://www.travel.taipei/d_upload_ttn/sceneadmin/image/A0/B0/C0/D813/E760/F969/5bc6499a-c23b-4fbf-a466-503b25fff531.jpghttps://www.travel.taipei/d_upload_ttn/sceneadmin/image/A0/B0/C1/D24/E206/F552/dadbf628-fa12-4e98-bced-20315c830059.jpghttps://www.travel.taipei/d_upload_ttn/sceneadmin/image/A0/B0/C0/D533/E613/F695/256e8ce5-3caa-4bf5-87c7-dca1fd6bc3ac.jpghttps://www.travel.taipei/d_upload_ttn/sceneadmin/image/A0/B0/C0/D280/E138/F932/8d7cb605-ac91-4f44-bda6-57518db7ad10.jpghttps://www.travel.taipei/d_upload_ttn/sceneadmin/image/A0/B0/C0/D875/E723/F366/c45fbda2-34fd-4d1b-9a5a-20274908f866.jpghttps://www.travel.taipei/streams/scenery_file_audio/c29.mp3jpg
自來水博物館, 中正區, 121.530106, 25.012652, https://www.travel.taipei/d_upload_ttn/sceneadmin/image/A0/B0/C0/D346/E920/F1/050967e9-15b8-4ff5-89ca-ad4a4d6186a7.jpghttps://www.travel.taipei/d_upload_ttn/sceneadmin/image/A0/B0/C0/D55/E786/F407/e5c733d0-c433-42d8-9c6b-2b1aa72b8c0c.jpghttps://www.travel.taipei/d_upload_ttn/sceneadmin/image/A0/B0/C1/D459/E757/F191/61527614-b181-403d-9d35-cc0330fb0a20.jpghttps://www.travel.taipei/d_upload_ttn/sceneadmin/image/A0/B0/C2/D22/E109/F795/4c3e256c-2f23-4651-af28-7328b13f3f09.jpghttps://www.travel.taipei/d_upload_ttn/sceneadmin/image/A0/B0/C1/D652/E785/F926/f615b417-0571-45e5-8a97-ed3d3d77e589.jpghttps://www.travel.taipei/d_upload_ttn/sceneadmin/image/A0/B0/C0/D126/E435/F239/f9017215-be71-4b0c-b81e-410b105414a6.jpghttps://www.travel.taipei/d_upload_ttn/sceneadmin/image/A0/B0/C1/D294/E667/F639/7208a347-0822-46c3-a409-f820be1293ea.jpghttps://www.travel.taipei/d_upload_ttn/sceneadmin/image/A0/B0/C0/D711/E681/F249/86e32058-5386-4148-8115-a6be9508b5d3.jpghttps://www.travel.taipei/streams/video/DISC2-4.flvjpg
華中河濱公園, 萬華區, 121.494840, 25.015403, https://www.travel.taipei/d_upload_ttn/sceneadmin/image/A0/B0/C0/D0/E197/F323/522aa425-345c-4ac4-96b8-b21a33f165ca.jpg
